panel,row,rung,cell,voice,brow,brow_ci_lo,brow_ci_hi,s_t,s_t_ci_lo,s_t_ci_hi,slope,slope_ci_lo,slope_ci_hi,n_cells,n_items
a,step mean,tgt100,,,-0.01344413,-0.03038124,0.00762379,0.00198862,-0.00185829,0.00557191,,,,12,12
a,step mean,src,,,0.00005340,-0.01236273,0.01121842,0.00024384,-0.00162795,0.00207697,,,,12,12
a,step mean,k050,,,-0.00712996,-0.03963362,0.02127409,0.00201760,-0.01538695,0.01358192,,,,12,12
a,step mean,k167,,,-0.02733542,-0.05297931,-0.00048719,0.00175566,-0.00460825,0.01046038,,,,12,12
a,step mean,g060,,,0.01247637,-0.01781417,0.05167140,0.00282936,-0.00005828,0.00563672,,,,12,12
a,step mean,g150,,,0.01608138,-0.00381461,0.03721745,-0.01090754,-0.02493759,-0.00187056,,,,12,12
a,step mean,rate090,,,-0.03476903,-0.07317167,0.00025729,0.00113250,-0.00175050,0.00387544,,,,12,12
a,step mean,r+2,,,-0.06593663,-0.09373190,-0.03840065,0.00500164,0.00150045,0.00855279,,,,12,12
a,step mean,r+4,,,-0.06888994,-0.11522618,-0.02624480,0.01035732,0.00209903,0.01779375,,,,12,12
a,step mean,effort0,,,-0.07585633,-0.13939029,-0.01370822,0.01646003,0.01004335,0.02316591,,,,12,12
a,step mean,effort,,,-0.07204392,-0.13661267,-0.01020653,0.01613260,0.00974764,0.02282560,,,,12,12
b,item,src,cn_esd0002_short3_ang,zh,0.01189816,,,-0.00537402,,,,,,,
b,item,tgt100,cn_esd0002_short3_ang,zh,-0.03971355,,,-0.01240863,,,,,,,
b,item,k050,cn_esd0002_short3_ang,zh,-0.02952276,,,-0.00581303,,,,,,,
b,item,k075,cn_esd0002_short3_ang,zh,-0.03750637,,,-0.01909031,,,,,,,
b,item,k133,cn_esd0002_short3_ang,zh,-0.03751056,,,-0.01809237,,,,,,,
b,item,k167,cn_esd0002_short3_ang,zh,-0.10347865,,,-0.01343565,,,,,,,
b,item,g060,cn_esd0002_short3_ang,zh,0.05342886,,,-0.00405633,,,,,,,
b,item,g150,cn_esd0002_short3_ang,zh,0.02670046,,,-0.01353621,,,,,,,
b,item,lvl+6,cn_esd0002_short3_ang,zh,-0.00708631,,,-0.00030853,,,,,,,
b,item,less,cn_esd0002_short3_ang,zh,0.00131452,,,-0.01305542,,,,,,,
b,item,more,cn_esd0002_short3_ang,zh,-0.01270325,,,-0.03602054,,,,,,,
b,item,r+2,cn_esd0002_short3_ang,zh,-0.15428524,,,0.00272030,,,,,,,
b,item,r+4,cn_esd0002_short3_ang,zh,-0.18064088,,,-0.01857008,,,,,,,
b,item,rate090,cn_esd0002_short3_ang,zh,-0.02247500,,,-0.00317823,,,,,,,
b,item,effort0,cn_esd0002_short3_ang,zh,-0.30017571,,,0.01413300,,,,,,,
b,item,effort,cn_esd0002_short3_ang,zh,-0.29404373,,,0.01457579,,,,,,,
b,item,src,cn_esd0002_short3_hap,zh,-0.03704966,,,-0.00529209,,,,,,,
b,item,tgt100,cn_esd0002_short3_hap,zh,-0.04741981,,,0.01326827,,,,,,,
b,item,k050,cn_esd0002_short3_hap,zh,-0.01541127,,,0.02600311,,,,,,,
b,item,k075,cn_esd0002_short3_hap,zh,-0.00901863,,,0.01676835,,,,,,,
b,item,k133,cn_esd0002_short3_hap,zh,-0.06100440,,,0.02918467,,,,,,,
b,item,k167,cn_esd0002_short3_hap,zh,-0.06245313,,,0.03997068,,,,,,,
b,item,g060,cn_esd0002_short3_hap,zh,-0.03255725,,,0.00870638,,,,,,,
b,item,g150,cn_esd0002_short3_hap,zh,0.07425546,,,0.00188672,,,,,,,
b,item,lvl+6,cn_esd0002_short3_hap,zh,-0.00135954,,,-0.00069834,,,,,,,
b,item,less,cn_esd0002_short3_hap,zh,-0.08604073,,,0.02027401,,,,,,,
b,item,more,cn_esd0002_short3_hap,zh,-0.05172485,,,0.02228076,,,,,,,
b,item,r+2,cn_esd0002_short3_hap,zh,-0.09973089,,,0.01513213,,,,,,,
b,item,r+4,cn_esd0002_short3_hap,zh,-0.03323442,,,0.03081959,,,,,,,
b,item,rate090,cn_esd0002_short3_hap,zh,-0.07922960,,,-0.00295210,,,,,,,
b,item,effort0,cn_esd0002_short3_hap,zh,-0.12302388,,,0.02276999,,,,,,,
b,item,effort,cn_esd0002_short3_hap,zh,-0.11229200,,,0.02219788,,,,,,,
b,item,src,cn_esd0002_short3_sad,zh,0.01399425,,,0.00228759,,,,,,,
b,item,tgt100,cn_esd0002_short3_sad,zh,-0.02318979,,,0.00812329,,,,,,,
b,item,k050,cn_esd0002_short3_sad,zh,0.02180424,,,0.01040360,,,,,,,
b,item,k075,cn_esd0002_short3_sad,zh,0.03771922,,,0.00922949,,,,,,,
b,item,k133,cn_esd0002_short3_sad,zh,-0.00023936,,,0.00710961,,,,,,,
b,item,k167,cn_esd0002_short3_sad,zh,0.00854827,,,0.01033633,,,,,,,
b,item,g060,cn_esd0002_short3_sad,zh,0.03374409,,,-0.00256916,,,,,,,
b,item,g150,cn_esd0002_short3_sad,zh,0.08278028,,,-0.00523223,,,,,,,
b,item,lvl+6,cn_esd0002_short3_sad,zh,-0.00085617,,,-0.00013784,,,,,,,
b,item,less,cn_esd0002_short3_sad,zh,0.04745774,,,0.00918646,,,,,,,
b,item,more,cn_esd0002_short3_sad,zh,0.06836364,,,0.00367682,,,,,,,
b,item,r+2,cn_esd0002_short3_sad,zh,-0.01783869,,,0.01056989,,,,,,,
b,item,r+4,cn_esd0002_short3_sad,zh,0.00072687,,,0.02065015,,,,,,,
b,item,rate090,cn_esd0002_short3_sad,zh,0.05801681,,,0.00406801,,,,,,,
b,item,effort0,cn_esd0002_short3_sad,zh,0.05677722,,,0.02684144,,,,,,,
b,item,effort,cn_esd0002_short3_sad,zh,0.05773179,,,0.02694987,,,,,,,
b,item,src,cn_esd0002_short3_sur,zh,0.01282167,,,-0.00024476,,,,,,,
b,item,tgt100,cn_esd0002_short3_sur,zh,0.07676928,,,0.00659540,,,,,,,
b,item,k050,cn_esd0002_short3_sur,zh,0.01930204,,,-0.00164179,,,,,,,
b,item,k075,cn_esd0002_short3_sur,zh,0.06336098,,,-0.00628127,,,,,,,
b,item,k133,cn_esd0002_short3_sur,zh,0.03466136,,,0.00017397,,,,,,,
b,item,k167,cn_esd0002_short3_sur,zh,-0.03899274,,,0.00011471,,,,,,,
b,item,g060,cn_esd0002_short3_sur,zh,-0.04768480,,,-0.00145413,,,,,,,
b,item,g150,cn_esd0002_short3_sur,zh,0.04778077,,,-0.00443595,,,,,,,
b,item,lvl+6,cn_esd0002_short3_sur,zh,-0.00385896,,,-0.00070384,,,,,,,
b,item,less,cn_esd0002_short3_sur,zh,0.02909396,,,-0.00246177,,,,,,,
b,item,more,cn_esd0002_short3_sur,zh,0.12405282,,,-0.00493731,,,,,,,
b,item,r+2,cn_esd0002_short3_sur,zh,0.01137227,,,0.00827113,,,,,,,
b,item,r+4,cn_esd0002_short3_sur,zh,0.01308890,,,0.02640391,,,,,,,
b,item,rate090,cn_esd0002_short3_sur,zh,0.03522377,,,0.00998192,,,,,,,
b,item,effort0,cn_esd0002_short3_sur,zh,0.07606262,,,0.02883473,,,,,,,
b,item,effort,cn_esd0002_short3_sur,zh,0.09841778,,,0.02691400,,,,,,,
b,item,src,cn_esd0002_short3_neu,zh,0.00170987,,,0.00464335,,,,,,,
b,item,tgt100,cn_esd0002_short3_neu,zh,-0.04189819,,,0.00880497,,,,,,,
b,item,k050,cn_esd0002_short3_neu,zh,0.05265413,,,0.00896424,,,,,,,
b,item,k075,cn_esd0002_short3_neu,zh,0.00255653,,,0.01522166,,,,,,,
b,item,k133,cn_esd0002_short3_neu,zh,-0.08403154,,,0.00252474,,,,,,,
b,item,k167,cn_esd0002_short3_neu,zh,0.00215184,,,-0.00145904,,,,,,,
b,item,g060,cn_esd0002_short3_neu,zh,0.01187487,,,0.01119523,,,,,,,
b,item,g150,cn_esd0002_short3_neu,zh,-0.00704455,,,-0.01637284,,,,,,,
b,item,lvl+6,cn_esd0002_short3_neu,zh,-0.00175414,,,0.00012933,,,,,,,
b,item,less,cn_esd0002_short3_neu,zh,0.02880584,,,0.02365500,,,,,,,
b,item,more,cn_esd0002_short3_neu,zh,-0.04038496,,,-0.01909760,,,,,,,
b,item,r+2,cn_esd0002_short3_neu,zh,-0.04431840,,,0.00510357,,,,,,,
b,item,r+4,cn_esd0002_short3_neu,zh,-0.04577012,,,0.00685089,,,,,,,
b,item,rate090,cn_esd0002_short3_neu,zh,-0.05107442,,,0.00252670,,,,,,,
b,item,effort0,cn_esd0002_short3_neu,zh,-0.10397013,,,0.03671920,,,,,,,
b,item,effort,cn_esd0002_short3_neu,zh,-0.10344279,,,0.03640747,,,,,,,
b,item,src,en_rav02_take1_hap,en,-0.04161121,,,0.00400573,,,,,,,
b,item,tgt100,en_rav02_take1_hap,en,-0.01509282,,,-0.00057384,,,,,,,
b,item,k050,en_rav02_take1_hap,en,-0.04475539,,,0.02931020,,,,,,,
b,item,k075,en_rav02_take1_hap,en,-0.09411094,,,0.00378427,,,,,,,
b,item,k133,en_rav02_take1_hap,en,0.03181898,,,-0.00380861,,,,,,,
b,item,k167,en_rav02_take1_hap,en,-0.02085965,,,-0.00841619,,,,,,,
b,item,g060,en_rav02_take1_hap,en,-0.03890586,,,0.00127557,,,,,,,
b,item,g150,en_rav02_take1_hap,en,0.00606877,,,0.01129835,,,,,,,
b,item,lvl+6,en_rav02_take1_hap,en,0.00566893,,,-0.00252220,,,,,,,
b,item,less,en_rav02_take1_hap,en,-0.08198380,,,0.00656282,,,,,,,
b,item,more,en_rav02_take1_hap,en,0.02279933,,,0.00213165,,,,,,,
b,item,r+2,en_rav02_take1_hap,en,-0.04961903,,,0.00072825,,,,,,,
b,item,r+4,en_rav02_take1_hap,en,-0.10224162,,,-0.00270929,,,,,,,
b,item,rate090,en_rav02_take1_hap,en,0.03065650,,,-0.00650627,,,,,,,
b,item,effort0,en_rav02_take1_hap,en,-0.08668921,,,-0.00274313,,,,,,,
b,item,effort,en_rav02_take1_hap,en,-0.08340228,,,-0.00460997,,,,,,,
b,item,src,en_rav02_take1_sad,en,0.00005363,,,-0.00155918,,,,,,,
b,item,tgt100,en_rav02_take1_sad,en,-0.02223082,,,-0.00394723,,,,,,,
b,item,k050,en_rav02_take1_sad,en,0.01358232,,,-0.00129156,,,,,,,
b,item,k075,en_rav02_take1_sad,en,-0.02576441,,,-0.00221305,,,,,,,
b,item,k133,en_rav02_take1_sad,en,-0.04773992,,,-0.00210738,,,,,,,
b,item,k167,en_rav02_take1_sad,en,-0.05723757,,,-0.00024909,,,,,,,
b,item,g060,en_rav02_take1_sad,en,0.00945636,,,0.00840161,,,,,,,
b,item,g150,en_rav02_take1_sad,en,-0.01052925,,,-0.01057056,,,,,,,
b,item,lvl+6,en_rav02_take1_sad,en,-0.00076531,,,0.00000909,,,,,,,
b,item,less,en_rav02_take1_sad,en,-0.01947142,,,0.00583304,,,,,,,
b,item,more,en_rav02_take1_sad,en,-0.12724008,,,-0.00681312,,,,,,,
b,item,r+2,en_rav02_take1_sad,en,-0.07450755,,,-0.00492962,,,,,,,
b,item,r+4,en_rav02_take1_sad,en,-0.08895180,,,-0.00348923,,,,,,,
b,item,rate090,en_rav02_take1_sad,en,-0.04531103,,,0.00515325,,,,,,,
b,item,effort0,en_rav02_take1_sad,en,-0.12335365,,,0.00881975,,,,,,,
b,item,effort,en_rav02_take1_sad,en,-0.12305741,,,0.00859088,,,,,,,
b,item,src,en_rav02_take1_ang,en,0.01425520,,,-0.00350464,,,,,,,
b,item,tgt100,en_rav02_take1_ang,en,-0.02834829,,,-0.00263618,,,,,,,
b,item,k050,en_rav02_take1_ang,en,0.06282579,,,0.01210833,,,,,,,
b,item,k075,en_rav02_take1_ang,en,-0.03352943,,,0.00392271,,,,,,,
b,item,k133,en_rav02_take1_ang,en,-0.07114848,,,-0.00340416,,,,,,,
b,item,k167,en_rav02_take1_ang,en,-0.01806384,,,-0.00043004,,,,,,,
b,item,g060,en_rav02_take1_ang,en,0.07079902,,,0.00073006,,,,,,,
b,item,g150,en_rav02_take1_ang,en,-0.01168514,,,-0.00737753,,,,,,,
b,item,lvl+6,en_rav02_take1_ang,en,0.00688412,,,-0.00286651,,,,,,,
b,item,less,en_rav02_take1_ang,en,0.02441101,,,0.00785347,,,,,,,
b,item,more,en_rav02_take1_ang,en,-0.10561642,,,-0.01046367,,,,,,,
b,item,r+2,en_rav02_take1_ang,en,-0.04425868,,,0.00121059,,,,,,,
b,item,r+4,en_rav02_take1_ang,en,0.05135265,,,0.01029897,,,,,,,
b,item,rate090,en_rav02_take1_ang,en,-0.03769473,,,-0.00652350,,,,,,,
b,item,effort0,en_rav02_take1_ang,en,0.08044842,,,0.00504457,,,,,,,
b,item,effort,en_rav02_take1_ang,en,0.07875287,,,0.00625493,,,,,,,
b,item,src,jp_jvnvF2_reg1_ang,ja,-0.01512080,,,0.00333042,,,,,,,
b,item,tgt100,jp_jvnvF2_reg1_ang,ja,0.01621982,,,0.00236497,,,,,,,
b,item,k050,jp_jvnvF2_reg1_ang,ja,-0.04155822,,,0.00754314,,,,,,,
b,item,k075,jp_jvnvF2_reg1_ang,ja,-0.09814254,,,0.00457509,,,,,,,
b,item,k133,jp_jvnvF2_reg1_ang,ja,-0.04723956,,,-0.00078524,,,,,,,
b,item,k167,jp_jvnvF2_reg1_ang,ja,-0.05199247,,,-0.00702983,,,,,,,
b,item,g060,jp_jvnvF2_reg1_ang,ja,-0.03888540,,,0.00415669,,,,,,,
b,item,g150,jp_jvnvF2_reg1_ang,ja,-0.01981846,,,-0.00310382,,,,,,,
b,item,lvl+6,jp_jvnvF2_reg1_ang,ja,0.00379276,,,-0.00012960,,,,,,,
b,item,less,jp_jvnvF2_reg1_ang,ja,-0.10009303,,,0.00584583,,,,,,,
b,item,more,jp_jvnvF2_reg1_ang,ja,-0.02612342,,,-0.00348644,,,,,,,
b,item,r+2,jp_jvnvF2_reg1_ang,ja,0.00657783,,,0.00291150,,,,,,,
b,item,r+4,jp_jvnvF2_reg1_ang,ja,-0.09710429,,,0.00317727,,,,,,,
b,item,rate090,jp_jvnvF2_reg1_ang,ja,-0.00807260,,,-0.00168792,,,,,,,
b,item,effort0,jp_jvnvF2_reg1_ang,ja,0.02994978,,,0.00208050,,,,,,,
b,item,effort,jp_jvnvF2_reg1_ang,ja,0.02813936,,,0.00176639,,,,,,,
b,item,src,jp_jvnvF2_reg1_sad,ja,0.02938591,,,0.00041681,,,,,,,
b,item,tgt100,jp_jvnvF2_reg1_sad,ja,0.02939435,,,0.00191516,,,,,,,
b,item,k050,jp_jvnvF2_reg1_sad,ja,0.04485482,,,-0.07712819,,,,,,,
b,item,k075,jp_jvnvF2_reg1_sad,ja,-0.01450688,,,-0.00058085,,,,,,,
b,item,k133,jp_jvnvF2_reg1_sad,ja,-0.01504393,,,0.00266350,,,,,,,
b,item,k167,jp_jvnvF2_reg1_sad,ja,-0.05862704,,,0.00768123,,,,,,,
b,item,g060,jp_jvnvF2_reg1_sad,ja,-0.02423326,,,0.00396015,,,,,,,
b,item,g150,jp_jvnvF2_reg1_sad,ja,0.04545913,,,-0.07737550,,,,,,,
b,item,lvl+6,jp_jvnvF2_reg1_sad,ja,0.07075769,,,-0.08073934,,,,,,,
b,item,less,jp_jvnvF2_reg1_sad,ja,-0.08789730,,,0.00200433,,,,,,,
b,item,more,jp_jvnvF2_reg1_sad,ja,-0.05221963,,,0.00193560,,,,,,,
b,item,r+2,jp_jvnvF2_reg1_sad,ja,-0.10618974,,,0.01506193,,,,,,,
b,item,r+4,jp_jvnvF2_reg1_sad,ja,-0.03853844,,,0.01727599,,,,,,,
b,item,rate090,jp_jvnvF2_reg1_sad,ja,0.00836517,,,0.00234232,,,,,,,
b,item,effort0,jp_jvnvF2_reg1_sad,ja,-0.14333253,,,0.01663187,,,,,,,
b,item,effort,jp_jvnvF2_reg1_sad,ja,-0.14599580,,,0.01661357,,,,,,,
b,item,src,jp_jvnvF2_reg1_hap,ja,0.01655508,,,0.00082711,,,,,,,
b,item,tgt100,jp_jvnvF2_reg1_hap,ja,-0.02747360,,,-0.00044481,,,,,,,
b,item,k050,jp_jvnvF2_reg1_hap,ja,-0.01495620,,,0.00888919,,,,,,,
b,item,k075,jp_jvnvF2_reg1_hap,ja,-0.11168192,,,0.00403796,,,,,,,
b,item,k133,jp_jvnvF2_reg1_hap,ja,0.06776757,,,-0.00722156,,,,,,,
b,item,k167,jp_jvnvF2_reg1_hap,ja,0.08972212,,,-0.00811047,,,,,,,
b,item,g060,jp_jvnvF2_reg1_hap,ja,-0.02246456,,,0.00837422,,,,,,,
b,item,g150,jp_jvnvF2_reg1_hap,ja,-0.04480434,,,-0.00465109,,,,,,,
b,item,lvl+6,jp_jvnvF2_reg1_hap,ja,0.00034065,,,0.00006561,,,,,,,
b,item,less,jp_jvnvF2_reg1_hap,ja,-0.15850875,,,0.01253338,,,,,,,
b,item,more,jp_jvnvF2_reg1_hap,ja,-0.01771170,,,-0.01068433,,,,,,,
b,item,r+2,jp_jvnvF2_reg1_hap,ja,-0.09637663,,,-0.00562386,,,,,,,
b,item,r+4,jp_jvnvF2_reg1_hap,ja,-0.06041924,,,0.01711615,,,,,,,
b,item,rate090,jp_jvnvF2_reg1_hap,ja,-0.11107785,,,0.00260472,,,,,,,
b,item,effort0,jp_jvnvF2_reg1_hap,ja,-0.11694331,,,0.01354619,,,,,,,
b,item,effort,jp_jvnvF2_reg1_hap,ja,-0.11571853,,,0.01364149,,,,,,,
b,item,src,jp_jvnvF2_reg1_sur,ja,-0.00625136,,,0.00338969,,,,,,,
b,item,tgt100,jp_jvnvF2_reg1_sur,ja,-0.03834611,,,0.00280205,,,,,,,
b,item,k050,jp_jvnvF2_reg1_sur,ja,-0.15437896,,,0.00686396,,,,,,,
b,item,k075,jp_jvnvF2_reg1_sur,ja,-0.06645967,,,0.00536326,,,,,,,
b,item,k133,jp_jvnvF2_reg1_sur,ja,-0.05162941,,,-0.00081293,,,,,,,
b,item,k167,jp_jvnvF2_reg1_sur,ja,-0.01674213,,,0.00209532,,,,,,,
b,item,g060,jp_jvnvF2_reg1_sur,ja,0.17514433,,,-0.00476794,,,,,,,
b,item,g150,jp_jvnvF2_reg1_sur,ja,0.00381347,,,-0.00141980,,,,,,,
b,item,lvl+6,jp_jvnvF2_reg1_sur,ja,0.00603917,,,-0.00080921,,,,,,,
b,item,less,jp_jvnvF2_reg1_sur,ja,0.03235889,,,0.00250903,,,,,,,
b,item,more,jp_jvnvF2_reg1_sur,ja,-0.11731582,,,0.00075095,,,,,,,
b,item,r+2,jp_jvnvF2_reg1_sur,ja,-0.12206480,,,0.00886387,,,,,,,
b,item,r+4,jp_jvnvF2_reg1_sur,ja,-0.24494695,,,0.01646346,,,,,,,
b,item,rate090,jp_jvnvF2_reg1_sur,ja,-0.19455535,,,0.00776109,,,,,,,
b,item,effort0,jp_jvnvF2_reg1_sur,ja,-0.15602556,,,0.02484227,,,,,,,
b,item,effort,jp_jvnvF2_reg1_sur,ja,-0.14961628,,,0.02428888,,,,,,,
b,within-cell slope,all 17 steps,,,,,,,,,-1.52423307,-3.09545436,-0.54756811,12,204
