source,arm,channel,window,unit,recall,recall_lo,recall_hi,recall_p05,recall_p95,exc_circ,exc_circ_lo,exc_circ_hi,exc_circ_p05,exc_circ_p95,exc_cross,exc_cross_lo,exc_cross_hi,exc_cross_p05,exc_cross_p95,events_per_f0,events_per_f0_lo,events_per_f0_hi,events_per_f0_p05,events_per_f0_p95,event_rate,event_rate_lo,event_rate_hi,event_rate_p05,event_rate_p95,n,n_clusters,scope,prec_exc,prec_exc_lo,prec_exc_hi,coup_minus_rev,coup_minus_rev_lo,coup_minus_rev_hi
human_all,human,brow_inner,plan,clip (actor bootstrap),0.65278,0.6165,0.68556,0,1,0.036963,0.016493,0.055404,-0.53,0.475,0.062539,0.04125,0.083227,-0.65517,0.54023,1.3756,1.2827,1.4718,0.33333,3,1.3133,1.2542,1.369,0.52174,2.1948,1362,24,,,,,,,
human_E4,human,brow_inner,plan,clip (actor bootstrap),0.67267,0.63245,0.71084,0,1,0.026176,0.0015163,0.048057,-0.46513,0.40787,0.077377,0.04488,0.11044,-0.62069,0.5296,1.3422,1.2509,1.4431,0.5,3,1.4004,1.335,1.4626,0.56524,2.2857,738,24,,,,,,,
human_E4_normal,human,brow_inner,plan,clip (actor bootstrap),0.63659,0.58858,0.68475,0,1,0.029094,-0.0042553,0.060413,-0.50325,0.435,0.031496,-0.01024,0.076828,-0.63621,0.51609,1.2938,1.154,1.4455,0.33333,3,1.3193,1.2526,1.3887,0.55046,2.1602,363,24,,,,,,,
human_E4_strong,human,brow_inner,plan,clip (actor bootstrap),0.7076,0.66247,0.75023,0,1,0.023352,-0.00064266,0.04703,-0.42188,0.39217,0.12179,0.081779,0.15971,-0.58621,0.53621,1.389,1.2914,1.4882,0.5,3,1.479,1.3862,1.5684,0.58484,2.4117,375,24,,,,,,,
human_all,human,brow_outer,plan,clip (actor bootstrap),0.61938,0.5869,0.65071,0,1,0.049645,0.032346,0.06623,-0.51475,0.52713,0.057871,0.041953,0.072754,-0.63793,0.55172,1.276,1.1927,1.3616,0.33333,3,1.2101,1.153,1.266,0.47244,2.1622,1362,24,,,,,,,
human_E4,human,brow_outer,plan,clip (actor bootstrap),0.6432,0.60488,0.68206,0,1,0.043256,0.022757,0.06258,-0.4315,0.4625,0.077865,0.053431,0.10565,-0.62069,0.55172,1.248,1.1581,1.341,0.33333,3,1.3022,1.2298,1.3718,0.52174,2.2253,738,24,,,,,,,
human_E4_normal,human,brow_outer,plan,clip (actor bootstrap),0.60996,0.56146,0.6592,0,1,0.053064,0.020889,0.085627,-0.3845,0.48475,0.027472,-0.014063,0.06991,-0.62069,0.51724,1.1846,1.0595,1.3196,0.33333,3,1.2087,1.1255,1.2898,0.5042,2.168,363,24,,,,,,,
human_E4_strong,human,brow_outer,plan,clip (actor bootstrap),0.67538,0.63324,0.71452,0,1,0.033762,0.0060453,0.058751,-0.52225,0.431,0.12664,0.09635,0.1547,-0.58621,0.57471,1.3095,1.2164,1.4128,0.5,3,1.3926,1.3159,1.474,0.53767,2.2625,375,24,,,,,,,
human_all,human,brow_inner,post,clip (actor bootstrap),0.37104,0.34332,0.39753,0,1,-0.0046815,-0.0243,0.015474,-0.51237,0.62738,0.025984,0.0085278,0.044223,-0.44828,0.68966,1.3756,1.2827,1.4718,0.33333,3,1.3133,1.2542,1.369,0.52174,2.1948,1362,24,,,,,,,
human_E4,human,brow_inner,post,clip (actor bootstrap),0.38799,0.36089,0.41576,0,1,-0.011124,-0.035725,0.017233,-0.52,0.56,0.039559,0.014393,0.068701,-0.44828,0.68966,1.3422,1.2509,1.4431,0.5,3,1.4004,1.335,1.4626,0.56524,2.2857,738,24,,,,,,,
human_E4_normal,human,brow_inner,post,clip (actor bootstrap),0.3579,0.3141,0.40359,0,1,-0.014768,-0.050997,0.02276,-0.50425,0.559,0.0012118,-0.041631,0.045557,-0.44828,0.68736,1.2938,1.154,1.4455,0.33333,3,1.3193,1.2526,1.3887,0.55046,2.1602,363,24,,,,,,,
human_E4_strong,human,brow_inner,post,clip (actor bootstrap),0.41711,0.38311,0.45121,0,1,-0.0075973,-0.041677,0.026895,-0.5305,0.55767,0.076678,0.041162,0.11035,-0.43678,0.68966,1.389,1.2914,1.4882,0.5,3,1.479,1.3862,1.5684,0.58484,2.4117,375,24,,,,,,,
human_all,human,brow_outer,post,clip (actor bootstrap),0.33694,0.31184,0.36206,0,1,-0.0084235,-0.027784,0.010852,-0.47,0.62,0.0080593,-0.008697,0.025068,-0.45977,0.67787,1.276,1.1927,1.3616,0.33333,3,1.2101,1.153,1.266,0.47244,2.1622,1362,24,,,,,,,
human_E4,human,brow_outer,post,clip (actor bootstrap),0.35901,0.32721,0.39151,0,1,-0.009402,-0.030142,0.01329,-0.46538,0.58037,0.02669,0.00041027,0.05701,-0.45,0.67241,1.248,1.1581,1.341,0.33333,3,1.3022,1.2298,1.3718,0.52174,2.2253,738,24,,,,,,,
human_E4_normal,human,brow_outer,post,clip (actor bootstrap),0.32346,0.27677,0.36941,0,1,-0.01461,-0.048536,0.020069,-0.46175,0.579,-0.020664,-0.062579,0.026458,-0.48276,0.65517,1.1846,1.0595,1.3196,0.33333,3,1.2087,1.1255,1.2898,0.5042,2.168,363,24,,,,,,,
human_E4_strong,human,brow_outer,post,clip (actor bootstrap),0.39342,0.35784,0.42735,0,1,-0.0043609,-0.033003,0.023824,-0.4665,0.57725,0.07253,0.040877,0.10439,-0.41823,0.68966,1.3095,1.2164,1.4128,0.5,3,1.3926,1.3159,1.474,0.53767,2.2625,375,24,,,,,,,
emoface,clean,brow_inner,plan,c100 item (cell bootstrap),0.57143,0.36111,0.77143,,,0.037835,-0.14531,0.217,,,0.12636,-0.18477,0.44696,,,1.0536,0.73413,1.3768,,,1.1622,0.83086,1.5035,,,12,12,c100,0.025287,-0.14136,0.20977,0.10587,-0.10877,0.36022
emoface,clean,brow_inner,post,c100 item (cell bootstrap),0.35238,0.16667,0.56032,,,0.018542,-0.12574,0.1796,,,,,,,,1.0536,0.73413,1.3768,,,1.1622,0.83086,1.5035,,,12,12,c100,0.040046,-0.13381,0.20781,0.10587,-0.10877,0.36022
emoface,clean,brow_inner,plan,all_nonrate_rungs item (cell bootstrap),0.593,0.45793,0.7175,,,0.093676,-0.0014906,0.20869,,,0.12652,-0.070556,0.33081,,,0.95649,0.73489,1.1732,,,1.0741,0.83885,1.3017,,,168,12,all_nonrate_rungs,0.066965,-0.052365,0.1948,-0.0038678,-0.12093,0.10061
emoface,clean,brow_inner,post,all_nonrate_rungs item (cell bootstrap),0.37577,0.24559,0.50616,,,0.069299,-0.038733,0.19429,,,,,,,,0.95649,0.73489,1.1732,,,1.0741,0.83885,1.3017,,,168,12,all_nonrate_rungs,0.095602,-0.031824,0.23313,-0.0038678,-0.12093,0.10061
emoface,clean,brow_outer,plan,c100 item (cell bootstrap),0.64008,0.46666,0.79961,,,0.0035972,-0.15259,0.12243,,,0.13274,-0.065741,0.33321,,,1.4563,0.88686,2.2202,,,1.4843,1.0606,1.9662,,,12,12,c100,0.022927,-0.08365,0.1238,0.087783,-0.099392,0.28295
emoface,clean,brow_outer,post,c100 item (cell bootstrap),0.36429,0.20833,0.54485,,,-0.052476,-0.17873,0.072734,,,,,,,,1.4563,0.88686,2.2202,,,1.4843,1.0606,1.9662,,,12,12,c100,-0.016003,-0.15022,0.1375,0.087783,-0.099392,0.28295
emoface,clean,brow_outer,plan,all_nonrate_rungs item (cell bootstrap),0.63812,0.46094,0.78815,,,0.015842,-0.10658,0.099718,,,0.10428,-0.088248,0.28261,,,1.3848,0.86936,2.0836,,,1.4345,1.0376,1.8658,,,168,12,all_nonrate_rungs,-0.0069336,-0.088604,0.073069,0.070256,-0.077435,0.23373
emoface,clean,brow_outer,post,all_nonrate_rungs item (cell bootstrap),0.37333,0.20932,0.56116,,,-0.029437,-0.14931,0.087033,,,,,,,,1.3848,0.86936,2.0836,,,1.4345,1.0376,1.8658,,,168,12,all_nonrate_rungs,-0.0046649,-0.1019,0.10048,0.070256,-0.077435,0.23373
emoface,noise,brow_inner,plan,c100 item (cell bootstrap),0.64563,0.46462,0.81392,,,0.1727,0.053978,0.31394,,,0.2286,-0.022568,0.49227,,,0.91111,0.64722,1.1889,,,1.0425,0.72432,1.407,,,12,12,c100,0.13581,-0.039819,0.30523,,,
emoface,noise,brow_inner,post,c100 item (cell bootstrap),0.44048,0.24444,0.65,,,0.14281,-0.022973,0.32953,,,,,,,,0.91111,0.64722,1.1889,,,1.0425,0.72432,1.407,,,12,12,c100,0.15437,-0.050408,0.35723,,,
emoface,noise,brow_inner,plan,all_nonrate_rungs item (cell bootstrap),0.53682,0.40884,0.66906,,,0.10673,0.01615,0.22539,,,0.12893,-0.061207,0.3424,,,0.80145,0.58898,1.0067,,,0.90094,0.66621,1.1365,,,168,12,all_nonrate_rungs,0.10697,-0.019521,0.24112,,,
emoface,noise,brow_inner,post,all_nonrate_rungs item (cell bootstrap),0.33923,0.22664,0.45516,,,0.081394,-0.0087046,0.18543,,,,,,,,0.80145,0.58898,1.0067,,,0.90094,0.66621,1.1365,,,168,12,all_nonrate_rungs,0.12976,0.0006297,0.26796,,,
emoface,noise,brow_outer,plan,c100 item (cell bootstrap),0.52897,0.31667,0.74409,,,-0.021403,-0.1698,0.095951,,,0.062368,-0.19957,0.30561,,,1.1869,0.70357,1.803,,,1.2258,0.82579,1.6213,,,12,12,c100,-0.001875,-0.10556,0.092577,,,
emoface,noise,brow_outer,post,c100 item (cell bootstrap),0.33651,0.15278,0.5564,,,-0.016851,-0.14047,0.11165,,,,,,,,1.1869,0.70357,1.803,,,1.2258,0.82579,1.6213,,,12,12,c100,-0.025473,-0.17116,0.10905,,,
emoface,noise,brow_outer,plan,all_nonrate_rungs item (cell bootstrap),0.55978,0.37704,0.7295,,,-0.0062507,-0.12372,0.071408,,,0.080152,-0.144,0.28334,,,1.2476,0.74978,1.9273,,,1.2804,0.88042,1.7036,,,168,12,all_nonrate_rungs,-0.026776,-0.10782,0.047667,,,
emoface,noise,brow_outer,post,all_nonrate_rungs item (cell bootstrap),0.32653,0.15468,0.52421,,,-0.035051,-0.1552,0.080192,,,,,,,,1.2476,0.74978,1.9273,,,1.2804,0.88042,1.7036,,,168,12,all_nonrate_rungs,-0.03263,-0.15285,0.082012,,,
emotalk,clean,brow_inner,plan,c100 item (cell bootstrap),0.63532,0.43254,0.81788,,,-0.029863,-0.13104,0.064928,,,-0.12619,-0.39773,0.11112,,,1.5655,0.94435,2.3115,,,1.567,1.1446,1.9882,,,12,12,c100,-0.053949,-0.18322,0.064333,0.16828,0.027617,0.32597
emotalk,clean,brow_inner,post,c100 item (cell bootstrap),0.35238,0.19405,0.52943,,,-0.090173,-0.21751,0.034764,,,,,,,,1.5655,0.94435,2.3115,,,1.567,1.1446,1.9882,,,12,12,c100,-0.065731,-0.19505,0.078814,0.16828,0.027617,0.32597
emotalk,clean,brow_inner,plan,all_nonrate_rungs item (cell bootstrap),0.63773,0.44719,0.80883,,,-0.029179,-0.11706,0.057931,,,-0.10371,-0.36214,0.13128,,,1.4991,0.95019,2.1538,,,1.5324,1.1443,1.8957,,,168,12,all_nonrate_rungs,-0.053526,-0.16092,0.051879,0.12487,-0.002796,0.2806
emotalk,clean,brow_inner,post,all_nonrate_rungs item (cell bootstrap),0.33597,0.20632,0.46455,,,-0.096785,-0.20121,-0.00025079,,,,,,,,1.4991,0.95019,2.1538,,,1.5324,1.1443,1.8957,,,168,12,all_nonrate_rungs,-0.061966,-0.16106,0.063114,0.12487,-0.002796,0.2806
emotalk,clean,brow_outer,plan,c100 item (cell bootstrap),0.58254,0.35831,0.79206,,,0.0053214,-0.10531,0.11556,,,-0.082242,-0.33526,0.15822,,,1.2806,0.75,1.8947,,,1.281,0.83255,1.6977,,,12,12,c100,-0.015434,-0.13164,0.098264,0.10127,-0.018843,0.24486
emotalk,clean,brow_outer,post,c100 item (cell bootstrap),0.21151,0.080952,0.34052,,,-0.15589,-0.27128,-0.045002,,,,,,,,1.2806,0.75,1.8947,,,1.281,0.83255,1.6977,,,12,12,c100,-0.12744,-0.24151,-0.029837,0.10127,-0.018843,0.24486
emotalk,clean,brow_outer,plan,all_nonrate_rungs item (cell bootstrap),0.64073,0.44944,0.8164,,,0.044342,-0.035318,0.12326,,,-0.036305,-0.27946,0.18035,,,1.3645,0.81915,1.9836,,,1.3426,0.91903,1.7436,,,168,12,all_nonrate_rungs,0.037435,-0.029493,0.11398,0.095309,-0.0062138,0.22511
emotalk,clean,brow_outer,post,all_nonrate_rungs item (cell bootstrap),0.28977,0.15734,0.41856,,,-0.094494,-0.22857,0.032423,,,,,,,,1.3645,0.81915,1.9836,,,1.3426,0.91903,1.7436,,,168,12,all_nonrate_rungs,-0.07517,-0.16523,0.0060597,0.095309,-0.0062138,0.22511
emotalk,noise,brow_inner,plan,c100 item (cell bootstrap),0.60754,0.40278,0.79288,,,-0.016054,-0.12507,0.098664,,,-0.10976,-0.36926,0.12853,,,1.3313,0.83333,1.9167,,,1.3578,0.97039,1.7078,,,12,12,c100,-0.05829,-0.18327,0.057286,,,
emotalk,noise,brow_inner,post,c100 item (cell bootstrap),0.23214,0.1127,0.35598,,,-0.15966,-0.28217,-0.046316,,,,,,,,1.3313,0.83333,1.9167,,,1.3578,0.97039,1.7078,,,12,12,c100,-0.089391,-0.2108,0.054571,,,
emotalk,noise,brow_inner,plan,all_nonrate_rungs item (cell bootstrap),0.59858,0.40675,0.77917,,,-0.0095065,-0.10288,0.091627,,,-0.097274,-0.36221,0.14213,,,1.2921,0.82021,1.8443,,,1.3293,0.97065,1.6579,,,168,12,all_nonrate_rungs,-0.038358,-0.15678,0.067914,,,
emotalk,noise,brow_inner,post,all_nonrate_rungs item (cell bootstrap),0.25329,0.14683,0.35627,,,-0.12709,-0.22557,-0.031106,,,,,,,,1.2921,0.82021,1.8443,,,1.3293,0.97065,1.6579,,,168,12,all_nonrate_rungs,-0.087244,-0.18467,0.020032,,,
emotalk,noise,brow_outer,plan,c100 item (cell bootstrap),0.58254,0.35831,0.79206,,,0.0049702,-0.10539,0.11553,,,-0.082242,-0.33526,0.15822,,,1.2806,0.75,1.8947,,,1.281,0.83255,1.6977,,,12,12,c100,-0.014793,-0.13139,0.098848,,,
emotalk,noise,brow_outer,post,c100 item (cell bootstrap),0.21151,0.080952,0.34052,,,-0.15597,-0.27095,-0.045207,,,,,,,,1.2806,0.75,1.8947,,,1.281,0.83255,1.6977,,,12,12,c100,-0.12774,-0.24111,-0.031137,,,
emotalk,noise,brow_outer,plan,all_nonrate_rungs item (cell bootstrap),0.61389,0.42557,0.79051,,,0.033226,-0.042956,0.10934,,,-0.052688,-0.28456,0.16173,,,1.3269,0.78369,1.9487,,,1.2997,0.88178,1.7015,,,168,12,all_nonrate_rungs,0.02774,-0.044776,0.11266,,,
emotalk,noise,brow_outer,post,all_nonrate_rungs item (cell bootstrap),0.26392,0.14443,0.37744,,,-0.1085,-0.23264,0.0019371,,,,,,,,1.3269,0.78369,1.9487,,,1.2997,0.88178,1.7015,,,168,12,all_nonrate_rungs,-0.086839,-0.17311,-0.015562,,,
emote,clean,brow_inner,plan,c100 item (cell bootstrap),0.50079,0.29994,0.71111,,,0.0030893,-0.075755,0.0793,,,-0.031548,-0.30517,0.22415,,,1.0758,0.56746,1.7168,,,1.1657,0.73195,1.6129,,,12,12,c100,-0.030468,-0.12675,0.063335,-0.027713,-0.10834,0.051691
emote,clean,brow_inner,post,c100 item (cell bootstrap),0.35357,0.19246,0.53333,,,0.021264,-0.06337,0.10163,,,,,,,,1.0758,0.56746,1.7168,,,1.1657,0.73195,1.6129,,,12,12,c100,0.019256,-0.14552,0.18927,-0.027713,-0.10834,0.051691
emote,clean,brow_inner,plan,all_nonrate_rungs item (cell bootstrap),0.49725,0.31671,0.68077,,,-0.0044861,-0.081535,0.067807,,,-0.030867,-0.25772,0.1788,,,1.0699,0.59883,1.6863,,,1.1579,0.75806,1.5559,,,168,12,all_nonrate_rungs,-0.032042,-0.11818,0.05209,-0.031389,-0.091924,0.026931
emote,clean,brow_inner,post,all_nonrate_rungs item (cell bootstrap),0.35215,0.20129,0.523,,,0.022127,-0.056594,0.10049,,,,,,,,1.0699,0.59883,1.6863,,,1.1579,0.75806,1.5559,,,168,12,all_nonrate_rungs,0.012173,-0.13636,0.15473,-0.031389,-0.091924,0.026931
emote,clean,brow_outer,plan,c100 item (cell bootstrap),0.77897,0.65397,0.88892,,,0.1263,0.037577,0.2347,,,0.16104,-0.019205,0.35417,,,1.5071,0.95159,2.2794,,,1.5598,1.1298,2.002,,,12,12,c100,0.085697,-0.013776,0.20703,0.014811,-0.13048,0.15953
emote,clean,brow_outer,post,c100 item (cell bootstrap),0.55238,0.39325,0.71628,,,0.10119,-0.13755,0.3178,,,,,,,,1.5071,0.95159,2.2794,,,1.5598,1.1298,2.002,,,12,12,c100,0.17785,0.030708,0.35026,0.014811,-0.13048,0.15953
emote,clean,brow_outer,plan,all_nonrate_rungs item (cell bootstrap),0.71899,0.59955,0.82859,,,0.07156,-0.007425,0.163,,,0.10538,-0.049423,0.28114,,,1.4736,0.94926,2.1848,,,1.5336,1.1393,1.9495,,,168,12,all_nonrate_rungs,0.029362,-0.066908,0.14099,0.011521,-0.10191,0.11266
emote,clean,brow_outer,post,all_nonrate_rungs item (cell bootstrap),0.48061,0.34376,0.61788,,,0.039131,-0.17216,0.21959,,,,,,,,1.4736,0.94926,2.1848,,,1.5336,1.1393,1.9495,,,168,12,all_nonrate_rungs,0.10658,-0.027217,0.25481,0.011521,-0.10191,0.11266
emote,noise,brow_inner,plan,c100 item (cell bootstrap),0.44246,0.26746,0.6278,,,-0.038258,-0.10187,0.026419,,,-0.07414,-0.33339,0.15699,,,1.0202,0.5341,1.6563,,,1.0995,0.69615,1.5212,,,12,12,c100,-0.050152,-0.14376,0.045315,,,
emote,noise,brow_inner,post,c100 item (cell bootstrap),0.29524,0.13492,0.48889,,,-0.018847,-0.11883,0.080201,,,,,,,,1.0202,0.5341,1.6563,,,1.0995,0.69615,1.5212,,,12,12,c100,-0.030159,-0.19494,0.14706,,,
emote,noise,brow_inner,plan,all_nonrate_rungs item (cell bootstrap),0.49011,0.31726,0.66409,,,-0.0057292,-0.073853,0.057615,,,-0.034687,-0.25832,0.17006,,,1.0495,0.57256,1.6775,,,1.1425,0.73707,1.546,,,168,12,all_nonrate_rungs,-0.020265,-0.10148,0.06151,,,
emote,noise,brow_inner,post,all_nonrate_rungs item (cell bootstrap),0.34759,0.19873,0.51052,,,0.022351,-0.055477,0.098296,,,,,,,,1.0495,0.57256,1.6775,,,1.1425,0.73707,1.546,,,168,12,all_nonrate_rungs,0.0172,-0.13747,0.16497,,,
emote,noise,brow_outer,plan,c100 item (cell bootstrap),0.58651,0.38095,0.78095,,,0.052379,-0.055967,0.17785,,,0.018585,-0.23647,0.27322,,,1.1702,0.69123,1.8001,,,1.2141,0.79917,1.6311,,,12,12,c100,0.017889,-0.096346,0.16158,,,
emote,noise,brow_outer,post,c100 item (cell bootstrap),0.37183,0.19127,0.55529,,,0.024611,-0.1705,0.22445,,,,,,,,1.1702,0.69123,1.8001,,,1.2141,0.79917,1.6311,,,12,12,c100,0.068065,-0.1135,0.26713,,,
emote,noise,brow_outer,plan,all_nonrate_rungs item (cell bootstrap),0.63671,0.5117,0.76468,,,0.059258,-0.019986,0.14712,,,0.073087,-0.096599,0.26585,,,1.2575,0.80114,1.8782,,,1.3016,0.96195,1.6635,,,168,12,all_nonrate_rungs,0.031058,-0.064492,0.14438,,,
emote,noise,brow_outer,post,all_nonrate_rungs item (cell bootstrap),0.4121,0.27877,0.552,,,0.038816,-0.15105,0.20544,,,,,,,,1.2575,0.80114,1.8782,,,1.3016,0.96195,1.6635,,,168,12,all_nonrate_rungs,0.10318,-0.044356,0.26907,,,
medtalk,clean,brow_inner,plan,c100 item (cell bootstrap),0.48095,0.26151,0.6953,,,-0.11349,-0.23446,-0.0094315,,,-0.035681,-0.32526,0.24788,,,1.1833,0.78611,1.6168,,,1.2145,0.87131,1.5389,,,12,12,c100,-0.06598,-0.17731,0.051567,0.051467,-0.064091,0.16124
medtalk,clean,brow_inner,post,c100 item (cell bootstrap),0.34048,0.146,0.5556,,,-0.013613,-0.15527,0.1378,,,,,,,,1.1833,0.78611,1.6168,,,1.2145,0.87131,1.5389,,,12,12,c100,-0.050336,-0.18169,0.075915,0.051467,-0.064091,0.16124
medtalk,clean,brow_inner,plan,all_nonrate_rungs item (cell bootstrap),0.49507,0.32775,0.65362,,,-0.038784,-0.13478,0.055671,,,0.031661,-0.17517,0.24445,,,1.0545,0.7382,1.3671,,,1.1002,0.84499,1.3383,,,168,12,all_nonrate_rungs,-0.019742,-0.13878,0.11027,-0.0049663,-0.11414,0.10412
medtalk,clean,brow_inner,post,all_nonrate_rungs item (cell bootstrap),0.30808,0.17497,0.45406,,,-0.014122,-0.10711,0.095891,,,,,,,,1.0545,0.7382,1.3671,,,1.1002,0.84499,1.3383,,,168,12,all_nonrate_rungs,-0.041277,-0.16168,0.084445,-0.0049663,-0.11414,0.10412
medtalk,clean,brow_outer,plan,c100 item (cell bootstrap),0.47262,0.28056,0.65323,,,-0.028083,-0.18586,0.12984,,,0.034259,-0.1875,0.25428,,,1.0583,0.62778,1.7028,,,1.0536,0.77742,1.4222,,,12,12,c100,-0.0289,-0.19332,0.14118,0.044655,-0.098706,0.19354
medtalk,clean,brow_outer,post,c100 item (cell bootstrap),0.23492,0.1,0.40556,,,-0.07522,-0.27493,0.12875,,,,,,,,1.0583,0.62778,1.7028,,,1.0536,0.77742,1.4222,,,12,12,c100,-0.024741,-0.20248,0.18346,0.044655,-0.098706,0.19354
medtalk,clean,brow_outer,plan,all_nonrate_rungs item (cell bootstrap),0.45933,0.29378,0.62545,,,-0.032828,-0.18166,0.10184,,,0.016246,-0.15491,0.19058,,,1.0173,0.61647,1.5885,,,1.0242,0.76394,1.3502,,,168,12,all_nonrate_rungs,-0.044872,-0.18238,0.094261,0.054913,-0.042336,0.16639
medtalk,clean,brow_outer,post,all_nonrate_rungs item (cell bootstrap),0.26746,0.15119,0.39842,,,-0.032136,-0.14764,0.10937,,,,,,,,1.0173,0.61647,1.5885,,,1.0242,0.76394,1.3502,,,168,12,all_nonrate_rungs,-0.016118,-0.15708,0.15949,0.054913,-0.042336,0.16639
medtalk,noise,brow_inner,plan,c100 item (cell bootstrap),0.56429,0.34996,0.77778,,,-0.0025059,-0.12571,0.12601,,,0.089319,-0.14638,0.34195,,,1.1,0.76937,1.4167,,,1.1645,0.84553,1.4853,,,12,12,c100,0.01039,-0.1286,0.17713,,,
medtalk,noise,brow_inner,post,c100 item (cell bootstrap),0.42381,0.21389,0.65162,,,0.083498,-0.070414,0.26561,,,,,,,,1.1,0.76937,1.4167,,,1.1645,0.84553,1.4853,,,12,12,c100,0.010173,-0.14046,0.15527,,,
medtalk,noise,brow_inner,plan,all_nonrate_rungs item (cell bootstrap),0.48254,0.31761,0.63535,,,-0.020182,-0.12185,0.084585,,,0.055905,-0.13896,0.25124,,,0.97132,0.6908,1.2444,,,1.0224,0.78461,1.2507,,,168,12,all_nonrate_rungs,-0.011215,-0.13017,0.12308,,,
medtalk,noise,brow_inner,post,all_nonrate_rungs item (cell bootstrap),0.29144,0.17018,0.41506,,,-0.0080768,-0.092105,0.082725,,,,,,,,0.97132,0.6908,1.2444,,,1.0224,0.78461,1.2507,,,168,12,all_nonrate_rungs,-0.035841,-0.16301,0.08174,,,
medtalk,noise,brow_outer,plan,c100 item (cell bootstrap),0.44484,0.26151,0.6338,,,-0.015861,-0.17648,0.14652,,,0.037268,-0.17338,0.25418,,,1.002,0.55,1.6559,,,0.96736,0.69061,1.3428,,,12,12,c100,-0.020326,-0.18085,0.14549,,,
medtalk,noise,brow_outer,post,c100 item (cell bootstrap),0.20714,0.072222,0.37381,,,-0.07851,-0.28165,0.12423,,,,,,,,1.002,0.55,1.6559,,,0.96736,0.69061,1.3428,,,12,12,c100,-0.047965,-0.24954,0.17342,,,
medtalk,noise,brow_outer,plan,all_nonrate_rungs item (cell bootstrap),0.42364,0.267,0.58578,,,-0.037053,-0.17954,0.087248,,,0.017042,-0.14883,0.19264,,,0.97477,0.55969,1.5543,,,0.95743,0.6926,1.288,,,168,12,all_nonrate_rungs,-0.044873,-0.17018,0.086062,,,
medtalk,noise,brow_outer,post,all_nonrate_rungs item (cell bootstrap),0.23994,0.13095,0.36111,,,-0.041164,-0.14914,0.087876,,,,,,,,0.97477,0.55969,1.5543,,,0.95743,0.6926,1.288,,,168,12,all_nonrate_rungs,-0.034329,-0.17736,0.14064,,,
f0_follower,clean,brow_inner,plan,c100 item (cell bootstrap),0.75675,0.66068,0.85556,,,0.29546,0.17969,0.41843,,,0.30053,0.18068,0.45703,,,0.75675,0.66068,0.85556,,,0.89482,0.75111,1.0521,,,12,12,c100,0.36678,0.25891,0.47349,0.3355,0.17117,0.51004
f0_follower,clean,brow_inner,post,c100 item (cell bootstrap),0.66071,0.5107,0.80556,,,0.39893,0.24732,0.54964,,,,,,,,0.75675,0.66068,0.85556,,,0.89482,0.75111,1.0521,,,12,12,c100,0.4835,0.33497,0.61564,0.3355,0.17117,0.51004
f0_follower,clean,brow_inner,plan,all_nonrate_rungs item (cell bootstrap),0.63849,0.50913,0.75797,,,0.22835,0.12693,0.34628,,,0.21198,0.11384,0.30374,,,0.66944,0.55179,0.78831,,,0.79703,0.64672,0.95272,,,168,12,all_nonrate_rungs,0.33153,0.23212,0.43327,0.31935,0.16666,0.47952
f0_follower,clean,brow_inner,post,all_nonrate_rungs item (cell bootstrap),0.44118,0.31368,0.58216,,,0.20933,0.089566,0.34836,,,,,,,,0.66944,0.55179,0.78831,,,0.79703,0.64672,0.95272,,,168,12,all_nonrate_rungs,0.28727,0.13244,0.44322,0.31935,0.16666,0.47952
f0_follower,clean,brow_outer,plan,c100 item (cell bootstrap),0.75675,0.66068,0.85556,,,0.29546,0.17969,0.41843,,,0.30053,0.18068,0.45703,,,0.75675,0.66068,0.85556,,,0.89482,0.75111,1.0521,,,12,12,c100,0.36678,0.25891,0.47349,0.3355,0.17117,0.51004
f0_follower,clean,brow_outer,post,c100 item (cell bootstrap),0.66071,0.5107,0.80556,,,0.39893,0.24732,0.54964,,,,,,,,0.75675,0.66068,0.85556,,,0.89482,0.75111,1.0521,,,12,12,c100,0.4835,0.33497,0.61564,0.3355,0.17117,0.51004
f0_follower,clean,brow_outer,plan,all_nonrate_rungs item (cell bootstrap),0.63849,0.50913,0.75797,,,0.22835,0.12693,0.34628,,,0.21198,0.11384,0.30374,,,0.66944,0.55179,0.78831,,,0.79703,0.64672,0.95272,,,168,12,all_nonrate_rungs,0.33153,0.23212,0.43327,0.31935,0.16666,0.47952
f0_follower,clean,brow_outer,post,all_nonrate_rungs item (cell bootstrap),0.44118,0.31368,0.58216,,,0.20933,0.089566,0.34836,,,,,,,,0.66944,0.55179,0.78831,,,0.79703,0.64672,0.95272,,,168,12,all_nonrate_rungs,0.28727,0.13244,0.44322,0.31935,0.16666,0.47952
f0_follower,noise,brow_inner,plan,c100 item (cell bootstrap),0.6873,0.54721,0.82225,,,0.27756,0.15738,0.40784,,,0.28829,0.13331,0.46331,,,0.6873,0.54721,0.82225,,,0.77069,0.64847,0.90102,,,12,12,c100,0.35925,0.24674,0.47163,,,
f0_follower,noise,brow_inner,post,c100 item (cell bootstrap),0.57659,0.40553,0.75556,,,0.34625,0.184,0.52219,,,,,,,,0.6873,0.54721,0.82225,,,0.77069,0.64847,0.90102,,,12,12,c100,0.44019,0.29003,0.5909,,,
f0_follower,noise,brow_inner,plan,all_nonrate_rungs item (cell bootstrap),0.61264,0.47796,0.74334,,,0.22115,0.11955,0.34012,,,0.22502,0.12435,0.31753,,,0.6434,0.51686,0.77218,,,0.75539,0.60594,0.90918,,,168,12,all_nonrate_rungs,0.32897,0.22884,0.43112,,,
f0_follower,noise,brow_inner,post,all_nonrate_rungs item (cell bootstrap),0.41103,0.29477,0.54904,,,0.18977,0.086409,0.32085,,,,,,,,0.6434,0.51686,0.77218,,,0.75539,0.60594,0.90918,,,168,12,all_nonrate_rungs,0.27153,0.14183,0.42324,,,
f0_follower,noise,brow_outer,plan,c100 item (cell bootstrap),0.6873,0.54721,0.82225,,,0.27717,0.15776,0.40639,,,0.28829,0.13331,0.46331,,,0.6873,0.54721,0.82225,,,0.77069,0.64847,0.90102,,,12,12,c100,0.35911,0.24757,0.47176,,,
f0_follower,noise,brow_outer,post,c100 item (cell bootstrap),0.57937,0.398,0.75837,,,0.34842,0.17882,0.51952,,,,,,,,0.6873,0.54721,0.82225,,,0.77069,0.64847,0.90102,,,12,12,c100,0.44119,0.27543,0.59264,,,
f0_follower,noise,brow_outer,plan,all_nonrate_rungs item (cell bootstrap),0.61925,0.49223,0.74605,,,0.22668,0.12653,0.3436,,,0.22866,0.13004,0.31514,,,0.64881,0.52738,0.7752,,,0.75799,0.61429,0.90807,,,168,12,all_nonrate_rungs,0.33412,0.23429,0.43533,,,
f0_follower,noise,brow_outer,post,all_nonrate_rungs item (cell bootstrap),0.42554,0.29578,0.57203,,,0.20363,0.085494,0.34442,,,,,,,,0.64881,0.52738,0.7752,,,0.75799,0.61429,0.90807,,,168,12,all_nonrate_rungs,0.27272,0.11866,0.43681,,,
energy_follower,clean,brow_inner,plan,c100 item (cell bootstrap),0.84643,0.6567,0.96944,,,-0.015645,-0.18991,0.099703,,,-0.0060847,-0.18387,0.12441,,,1.9643,1.5119,2.4703,,,2.0827,1.926,2.2689,,,12,12,c100,-0.035876,-0.13095,0.053419,0.072612,-0.11369,0.2495
energy_follower,clean,brow_inner,post,c100 item (cell bootstrap),0.60794,0.43849,0.76906,,,0.0080695,-0.1626,0.159,,,,,,,,1.9643,1.5119,2.4703,,,2.0827,1.926,2.2689,,,12,12,c100,0.017357,-0.065436,0.094632,0.072612,-0.11369,0.2495
energy_follower,clean,brow_inner,plan,all_nonrate_rungs item (cell bootstrap),0.84048,0.6579,0.96349,,,-0.029464,-0.20057,0.084852,,,-0.00099209,-0.17716,0.13243,,,1.9572,1.5153,2.4366,,,2.085,1.9341,2.2588,,,168,12,all_nonrate_rungs,-0.036312,-0.1273,0.044203,0.10233,-0.03407,0.24702
energy_follower,clean,brow_inner,post,all_nonrate_rungs item (cell bootstrap),0.62735,0.4589,0.78097,,,0.033911,-0.12979,0.17439,,,,,,,,1.9572,1.5153,2.4366,,,2.085,1.9341,2.2588,,,168,12,all_nonrate_rungs,0.037012,-0.046301,0.1128,0.10233,-0.03407,0.24702
energy_follower,clean,brow_outer,plan,c100 item (cell bootstrap),0.84643,0.6567,0.96944,,,-0.015645,-0.18991,0.099703,,,-0.0060847,-0.18387,0.12441,,,1.9643,1.5119,2.4703,,,2.0827,1.926,2.2689,,,12,12,c100,-0.035876,-0.13095,0.053419,0.072612,-0.11369,0.2495
energy_follower,clean,brow_outer,post,c100 item (cell bootstrap),0.60794,0.43849,0.76906,,,0.0080695,-0.1626,0.159,,,,,,,,1.9643,1.5119,2.4703,,,2.0827,1.926,2.2689,,,12,12,c100,0.017357,-0.065436,0.094632,0.072612,-0.11369,0.2495
energy_follower,clean,brow_outer,plan,all_nonrate_rungs item (cell bootstrap),0.84048,0.6579,0.96349,,,-0.029464,-0.20057,0.084852,,,-0.00099209,-0.17716,0.13243,,,1.9572,1.5153,2.4366,,,2.085,1.9341,2.2588,,,168,12,all_nonrate_rungs,-0.036312,-0.1273,0.044203,0.10233,-0.03407,0.24702
energy_follower,clean,brow_outer,post,all_nonrate_rungs item (cell bootstrap),0.62735,0.4589,0.78097,,,0.033911,-0.12979,0.17439,,,,,,,,1.9572,1.5153,2.4366,,,2.085,1.9341,2.2588,,,168,12,all_nonrate_rungs,0.037012,-0.046301,0.1128,0.10233,-0.03407,0.24702
energy_follower,noise,brow_inner,plan,c100 item (cell bootstrap),0.84643,0.6567,0.96944,,,0.0073155,-0.17417,0.12508,,,0.0029762,-0.17225,0.13029,,,1.8433,1.4405,2.2461,,,1.983,1.8422,2.1679,,,12,12,c100,-0.020537,-0.11874,0.068094,,,
energy_follower,noise,brow_inner,post,c100 item (cell bootstrap),0.60794,0.43849,0.76906,,,0.035385,-0.13721,0.19495,,,,,,,,1.8433,1.4405,2.2461,,,1.983,1.8422,2.1679,,,12,12,c100,0.031671,-0.05064,0.10869,,,
energy_follower,noise,brow_inner,plan,all_nonrate_rungs item (cell bootstrap),0.82262,0.64398,0.94365,,,-0.021885,-0.19772,0.093301,,,0.0041572,-0.16569,0.13644,,,1.8645,1.4501,2.2992,,,1.9888,1.8591,2.1541,,,168,12,all_nonrate_rungs,-0.02692,-0.12293,0.059349,,,
energy_follower,noise,brow_inner,post,all_nonrate_rungs item (cell bootstrap),0.61148,0.44756,0.76386,,,0.04241,-0.12108,0.18106,,,,,,,,1.8645,1.4501,2.2992,,,1.9888,1.8591,2.1541,,,168,12,all_nonrate_rungs,0.046394,-0.040976,0.12567,,,
energy_follower,noise,brow_outer,plan,c100 item (cell bootstrap),0.84643,0.6567,0.96944,,,-0.0051766,-0.18124,0.10995,,,0.0071428,-0.17132,0.13566,,,1.9266,1.4643,2.4405,,,2.0351,1.8709,2.2281,,,12,12,c100,-0.029037,-0.12481,0.061338,,,
energy_follower,noise,brow_outer,post,c100 item (cell bootstrap),0.60794,0.43849,0.76906,,,0.020405,-0.14618,0.16935,,,,,,,,1.9266,1.4643,2.4405,,,2.0351,1.8709,2.2281,,,12,12,c100,0.024035,-0.054342,0.098255,,,
energy_follower,noise,brow_outer,plan,all_nonrate_rungs item (cell bootstrap),0.8256,0.64521,0.94743,,,-0.018701,-0.19476,0.10078,,,0.0055012,-0.16933,0.14127,,,1.873,1.4474,2.3216,,,1.9934,1.8603,2.1602,,,168,12,all_nonrate_rungs,-0.027039,-0.12418,0.061562,,,
energy_follower,noise,brow_outer,post,all_nonrate_rungs item (cell bootstrap),0.60944,0.44207,0.76097,,,0.03961,-0.12568,0.17862,,,,,,,,1.873,1.4474,2.3216,,,1.9934,1.8603,2.1602,,,168,12,all_nonrate_rungs,0.045592,-0.043935,0.12975,,,
